{
  "project_info": {
    "project_number": "1012372928868",
    "firebase_url": "https://example-116b8-default-rtdb.firebaseio.com",
    "project_id": "example-116b8",
    "storage_bucket": "example-116b8.appspot.com"
  },
  "client": [
    {
      "client_info": {
        "mobilesdk_app_id": "1:1012372928868:android:e1080629d81fde7ebde271",
        "android_client_info": {
          "package_name": "com.cookandroid.firebaseexample"
        }
      },
      "oauth_client": [
        {
          "client_id": "1012372928868-41fi87ap2auplfkju6d9g4tk20rrg180.apps.googleusercontent.com",
          "client_type": 3
        }
      ],
      "api_key": [
        {
          "current_key": "AIzaSyCha4kys2nHMKrakbPaaEMI6tOF0VZjcOY"
        }
      ],
      "services": {
        "appinvite_service": {
          "other_platform_oauth_client": [
            {
              "client_id": "1012372928868-41fi87ap2auplfkju6d9g4tk20rrg180.apps.googleusercontent.com",
              "client_type": 3
            }
          ]
        }
      }
    }
  ],
  "configuration_version": "1"
}